,X,TE.fixed.x,lower.fixed.x,upper.fixed.x,pval.fixed.x,TE.random.x,lower.random.x,upper.random.x,pval.random.x,I2.x,Tau2.x,H.x,Q.x,symbol.x,TE.fixed.y,lower.fixed.y,upper.fixed.y,pval.fixed.y,TE.random.y,lower.random.y,upper.random.y,pval.random.y,I2.y,Tau2.y,H.y,Q.y,symbol.y
13,ENSG00000124205.14,-4.200362862592,-4.23778945600563,-4.16293626917836,0,-3.52175452136339,-4.17342843437844,-2.87008060834834,3.24677827729368e-26,0.994000778929678,2.0872391896346,12.9107825638678,3667.14274105239,EDN3,0.988502715589983,0.97974532381594,0.997338384757976,0.0108662098549995,0.985752825941037,0.97235830614775,0.999331859158396,0.039810180938553,0.450433710682276,0.000404512902498503,1.34893168989536,40.031567488087,EDN3
5,ENSG00000101445.8,-1.64083504467342,-1.65024152662415,-1.6314285627227,0,-1.36178967824005,-1.6795526784648,-1.04402667801531,4.48282755748424e-17,0.998950801154352,0.558106027482184,30.8724501436392,20968.3799131727,PPP1R16B,0.895479927834784,0.867740920753071,0.924105665616269,6.14645506752874e-12,0.890330049769597,0.849477953623474,0.933146756948194,1.25200133260971e-06,0.455399842062649,0.00509562440631377,1.35506809051024,40.3966096582198,PPP1R16B
46,ENSG00000187824.7,-1.56871783098312,-1.57116254954357,-1.56627311242266,0,-1.64245943263874,-2.04136007453324,-1.24355879074424,7.0250330311516e-16,0.999957897571697,0.951481289422602,154.115538291157,522535.181141006,TMEM220,0.898043657497984,0.865687468377047,0.931609201048403,9.25653186526667e-09,0.886210353085103,0.817820463434711,0.960319318272869,0.00319744934538122,0.743731120822069,0.0241122122115236,1.97538642649927,85.8473337479464,TMEM220
14,ENSG00000125246.14,-0.614181251487248,-0.616491194976122,-0.611871307998375,0,-0.7475470736704,-0.938176628426842,-0.556917518913959,1.51889995779857e-14,0.999822193035513,0.210734546321136,74.9938441863841,123729.686648736,CLYBL,0.925446512830429,0.88393430966596,0.968908253412695,0.000936731905817101,0.900755958368167,0.821598486352625,0.987539911542052,0.0259384883700845,0.68010121661564,0.0276803124896301,1.76804659335031,68.7717526376676,CLYBL
19,ENSG00000131849.10,-0.569761811214988,-0.571708647797818,-0.567814974632157,0,-0.575422109756599,-0.78058794345564,-0.370256276057558,3.86199735083112e-08,0.999892741052894,0.245893795734377,96.5568824735802,205111.094166369,ZNF132,0.901856247874746,0.860597164984621,0.945093389710678,1.53557384114562e-05,0.875062801280545,0.804967617171116,0.9512617524615,0.00173095951261791,0.591398368109407,0.0196436211334913,1.56440772420466,53.8421736061267,ZNF132
4,ENSG00000099985.3,0.95951997725563,0.936339599731868,0.982700354779392,0,0.694709649016941,0.324636337643779,1.0647829603901,0.000233887019583676,0.994675779781205,0.735827925850673,13.7047776819324,4132.06048884623,OSM,1.04283550365644,1.01694592962265,1.06938417865531,0.00107525030953685,1.04161393282714,1.00448353871407,1.08011683939448,0.0276992926571274,0.438337698800864,0.0030283568486955,1.3343272718411,39.1694439043363,OSM
20,ENSG00000133116.7,-1.91549871824093,-1.92372305806137,-1.90727437842049,0,-1.56981113415161,-2.55832347553513,-0.581298792768103,0.00185491816710887,0.999904697211047,5.48862806895256,102.434722431691,230843.191912468,KL,0.943866463508282,0.92172761956014,0.966537057184824,1.83741532451753e-06,0.945054147616924,0.894455501419077,0.998515119545894,0.0441259895624453,0.757435858123831,0.0110546566224631,2.0304238218495,90.6976597193463,KL
3,ENSG00000092607.12,0.0710437854269542,0.0569319174669506,0.0851556533869579,5.78098730371585e-23,1.37196962071635,0.454491545929426,2.28944769550327,0.00338011733935705,0.999665978846025,4.78818918749338,54.7158328232916,65864.0919540206,TBX15,1.05338664947389,1.03004502344658,1.07725721500695,5.38425777222725e-06,1.06078316429433,1.03075906473113,1.09168181018501,5.62479378686717e-05,0.293373085544306,0.00128555854507458,1.18961083871361,31.1338268468677,TBX15
